img,description,price,company,product_url,min_order,detailed_description_text,detailed_description_html,iframe_content_text,iframe_content_html,iframe_content_images,prices,attributes,images,original_product_id,supplier_name,supplier_type,supplier_years,supplier_location,supplier_performance
https://s.alicdn.com/@sc04/kf/Hd480864de80f47849a7aac60cc1c30a2E.jpg_300x300.jpg,Venta al por mayor 64GB 256GB teléfonos inteligentes para el teléfono XS Max teléfonos móviles usados originales 98% nuevo X XR 11 12 Pro Max teléfono celular,USD 272- 298,Shenzhen Futian District Boluoma Technology Firm,https://www.alibaba.com/product-detail/Wholesale-64GB-256GB-Smartphones-for-Phone_1601055431405.html,N/A,Descripciones de productos del proveedorAdvertencia/Descargo de responsabilidadRecordatorio de cumplimiento para productos prohibidos y restringidosVer más,"<div class=""description-layout"" id=""description-layout""><h2 class=""att-title"" id=""more-detail"">Descripciones de productos del proveedor</h2><div id=""layout-other-wrapper""><div data-module-name=""module_shopping_ads"" class=""module_shopping_ads""></div><div data-module-name=""module_shop_marking"" class=""module_shop_marking""></div><div data-module-name=""module_risk_control_tips"" class=""module_risk_control_tips"" data-aplus-ae=""13"" data-spm-anchor-id=""a2700.details.0.i13.60f65e33IpLr1X""><div class=""id-text-sm id-text-[#222]""><div class=""id-mt-4 id-text-sm id-font-semibold"">Advertencia/Descargo de responsabilidad</div><div class=""id-mt-2 id-flex""><div class=""id-me-2 id-mt-[9px] id-size-[3px] id-shrink-0 id-rounded-full id-bg-[#222]""></div><span><span class=""id-me-1"">Recordatorio de cumplimiento para productos prohibidos y restringidos</span><span target=""_blank"" class=""id-cursor-pointer id-underline"" type=""button"" aria-haspopup=""dialog"" aria-expanded=""false"" aria-controls=""radix-:r0:"" data-state=""closed"">Ver más</span></span></div></div></div><div data-module-name=""module_detail_video"" class=""module_detail_video""></div><div data-module-name=""module_product_specification"" class=""module_product_specification"" data-aplus-ae=""28"" data-spm-anchor-id=""a2700.details.0.i32.60f65e33IpLr1X""><div class=""id-relative id-w-full""><iframe src=""/product-detail/description/descIframe.html?productId=1601055431405"" scrolling=""no"" data-spm-anchor-id=""a2700.details.0.i94.60f65e33IpLr1X"" data-spm-act-id=""a2700.details.0.i94.60f65e33IpLr1X"" style=""width: 100%; border: none; height: 6607px; display: block;""></iframe></div></div></div></div>","¿Por qué elegirnos?
Perfil de la empresa
SHENZHEN FUTIAN DISTRICT BOLUOMA TECHNOLOGY


       fue fundada en 2016, es una empresa de alta tecnología dedicada a productos electrónicos, especializada
en la producción y venta de teléfonos móviles de segunda mano, auriculares y otros dispositivos portátiles.
Nuestra empresa cuenta con más de 10 años de experiencia en la industria de teléfonos móviles. Nuestros productos se exportan a muchos países
en el extranjero, como Estados Unidos, Italia, Australia, etc., y son muy populares entre los usuarios de todo el mundo.
Podemos ofrecerle servicios OEM y ODM con productos de alta calidad, tiempos de entrega cortos y los precios más competitivos.
Le damos una cálida bienvenida a visitar nuestra fábrica, somos sus mejores socios en su camino hacia el éxito. Trabajemos juntos y exploremos el mercado más.
       

      ","<body class=""font-sans mx-5""><div class=""section my-8""><h2 class=""text-2xl font-semibold border-b-2 border-gray-800 pb-3 mb-4"">¿Por qué elegirnos?</h2><img class=""product-image w-full my-5"" src=""https://sc04.alicdn.com/kf/Hbf90496aa13d499d9b9dd0d360b695b3l/274956517/Hbf90496aa13d499d9b9dd0d360b695b3l.jpg"" alt=""Product Image""><img class=""product-image w-full my-5"" src=""https://sc04.alicdn.com/kf/H7bfdba0bf17446e382a201adbb6da08aZ/274956517/H7bfdba0bf17446e382a201adbb6da08aZ.jpg"" alt=""Product Image""><img class=""product-image w-full my-5"" src=""https://sc04.alicdn.com/kf/Hc703f137aee2486398ca9583a6e95379I/274956517/Hc703f137aee2486398ca9583a6e95379I.jpg"" alt=""Product Image""><img class=""product-image w-full my-5"" src=""https://sc04.alicdn.com/kf/H21a5f5abf3134d5a83d9e3a2585f15cb6/274956517/H21a5f5abf3134d5a83d9e3a2585f15cb6.jpg"" alt=""Product Image""><img class=""product-image w-full my-5"" src=""https://sc04.alicdn.com/kf/Hec5ea94ddb0a4bbca5faa93074e5470aN/274956517/Hec5ea94ddb0a4bbca5faa93074e5470aN.jpg"" alt=""Product Image""></div><div class=""section my-8""><h2 class=""text-2xl font-semibold border-b-2 border-gray-800 pb-3 mb-4"">Perfil de la empresa</h2><img class=""product-image w-full my-5"" src=""https://sc04.alicdn.com/kf/Hbb2b87452e3747e0b3d62960bd87c68fp/274956517/Hbb2b87452e3747e0b3d62960bd87c68fp.jpg"" alt=""Product Image""></div><div class=""section my-8""><h2 class=""text-2xl font-semibold border-b-2 border-gray-800 pb-3 mb-4"">Imágenes del Producto</h2><img class=""product-image w-full my-5"" src=""https://sc04.alicdn.com/kf/Hbf90496aa13d499d9b9dd0d360b695b3l/274956517/Hbf90496aa13d499d9b9dd0d360b695b3l.jpg"" alt=""Product Image""><img class=""product-image w-full my-5"" src=""https://sc04.alicdn.com/kf/H7bfdba0bf17446e382a201adbb6da08aZ/274956517/H7bfdba0bf17446e382a201adbb6da08aZ.jpg"" alt=""Product Image""><img class=""product-image w-full my-5"" src=""https://sc04.alicdn.com/kf/Hc703f137aee2486398ca9583a6e95379I/274956517/Hc703f137aee2486398ca9583a6e95379I.jpg"" alt=""Product Image""><img class=""product-image w-full my-5"" src=""https://sc04.alicdn.com/kf/H21a5f5abf3134d5a83d9e3a2585f15cb6/274956517/H21a5f5abf3134d5a83d9e3a2585f15cb6.jpg"" alt=""Product Image""><img class=""product-image w-full my-5"" src=""https://sc04.alicdn.com/kf/Hec5ea94ddb0a4bbca5faa93074e5470aN/274956517/Hec5ea94ddb0a4bbca5faa93074e5470aN.jpg"" alt=""Product Image""><img class=""product-image w-full my-5"" src=""https://sc04.alicdn.com/kf/Hbb2b87452e3747e0b3d62960bd87c68fp/274956517/Hbb2b87452e3747e0b3d62960bd87c68fp.jpg"" alt=""Product Image""></div></body>","[""https://sc04.alicdn.com/kf/Hbf90496aa13d499d9b9dd0d360b695b3l/274956517/Hbf90496aa13d499d9b9dd0d360b695b3l.jpg"", ""https://sc04.alicdn.com/kf/H7bfdba0bf17446e382a201adbb6da08aZ/274956517/H7bfdba0bf17446e382a201adbb6da08aZ.jpg"", ""https://sc04.alicdn.com/kf/Hc703f137aee2486398ca9583a6e95379I/274956517/Hc703f137aee2486398ca9583a6e95379I.jpg"", ""https://sc04.alicdn.com/kf/H21a5f5abf3134d5a83d9e3a2585f15cb6/274956517/H21a5f5abf3134d5a83d9e3a2585f15cb6.jpg"", ""https://sc04.alicdn.com/kf/Hec5ea94ddb0a4bbca5faa93074e5470aN/274956517/Hec5ea94ddb0a4bbca5faa93074e5470aN.jpg"", ""https://sc04.alicdn.com/kf/Hbb2b87452e3747e0b3d62960bd87c68fp/274956517/Hbb2b87452e3747e0b3d62960bd87c68fp.jpg""]","[{""price"": ""USD\u00a0298"", ""quantity"": ""5 - 999 unidades""}, {""price"": ""USD\u00a0272"", ""quantity"": "">= 1000 unidades""}]",{},"[""https://s.alicdn.com/@sc04/kf/Hd480864de80f47849a7aac60cc1c30a2E.jpg_720x720q50.jpg"", ""https://s.alicdn.com/@sc04/kf/Hbfa08ab008f84a299d0cd006edc0d4139.jpg_720x720q50.jpg"", ""https://sc04.alicdn.com/kf/H7bfdba0bf17446e382a201adbb6da08aZ/274956517/H7bfdba0bf17446e382a201adbb6da08aZ.jpg"", ""https://s.alicdn.com/@sc04/kf/H4515bc89d3f749c8a289523dcf2f64e3K.jpg_720x720q50.jpg"", ""https://s.alicdn.com/@sc04/kf/H702f5aedd3ad470ba05f8792ed92cb50r.jpg_720x720q50.jpg"", ""https://s.alicdn.com/@sc04/kf/Ha2a43929f9f746639beb552a3d6426cfr.jpg_720x720q50.jpg"", ""https://sc04.alicdn.com/kf/H21a5f5abf3134d5a83d9e3a2585f15cb6/274956517/H21a5f5abf3134d5a83d9e3a2585f15cb6.jpg"", ""https://sc04.alicdn.com/kf/Hbb2b87452e3747e0b3d62960bd87c68fp/274956517/Hbb2b87452e3747e0b3d62960bd87c68fp.jpg"", ""https://s.alicdn.com/@sc04/kf/H1e14fc3393b54cfd9efe879b5cdd8763F.jpg_720x720q50.jpg"", ""https://s.alicdn.com/@img/imgextra/i1/O1CN01H0fqnK1Gpp8Bpra4W_!!6000000000672-55-tps-20-21.svg"", ""https://sc04.alicdn.com/kf/Hec5ea94ddb0a4bbca5faa93074e5470aN/274956517/Hec5ea94ddb0a4bbca5faa93074e5470aN.jpg"", ""https://sc04.alicdn.com/kf/Hbf90496aa13d499d9b9dd0d360b695b3l/274956517/Hbf90496aa13d499d9b9dd0d360b695b3l.jpg"", ""https://sc04.alicdn.com/kf/Hc703f137aee2486398ca9583a6e95379I/274956517/Hc703f137aee2486398ca9583a6e95379I.jpg""]",1,,Proveedor multi-especialidad,2 años en Alibaba.com,"Ubicado en Shenzhen, Guangdong, CN",{}
https://s.alicdn.com/@sc04/kf/Hf100ed5da31c4d6aab9a7947a0c5e08bj.png_300x300.png,"Xiaomi-teléfono inteligente resistente al agua IP68, dispositivo móvil resistente ATEX con cámara térmica de 108M256 G5 G","USD 958- 1,300","Shenzhen Aoro Communication Equipment Co., Ltd.",https://www.alibaba.com/product-detail/Aoro-A18-Shenzhen-108MP-256GB-5G_1600738291460.html?s=p,N/A,Descripciones de productos del proveedorDescripción de vídeo00:09/01:23,"<div class=""description-layout"" id=""description-layout""><h2 class=""att-title"" id=""more-detail"">Descripciones de productos del proveedor</h2><div id=""layout-other-wrapper""><div data-module-name=""module_shopping_ads"" class=""module_shopping_ads""></div><div data-module-name=""module_shop_marking"" class=""module_shop_marking""></div><div data-module-name=""module_risk_control_tips"" class=""module_risk_control_tips""></div><div data-module-name=""module_detail_video"" class=""module_detail_video"" data-aplus-ae=""29"" data-spm-anchor-id=""a2700.details.0.i33.77842a6cllQdqr""><div class=""widget-detail-video"" data-role=""widget-detail-overview-video""><h4 class=""widget-detail-video__title"">Descripción de vídeo</h4><div class=""widget-detail-video__video-wrap""><div class=""react-dove-view-port""><div class=""react-dove"" data-player-version=""1.3.10"" data-core-version=""1.1.3"" style=""width: 600px; height: 470px;""><div class=""react-dove-container""><div class=""react-dove-video""><video playsinline="""" crossorigin=""anonymous"" preload=""metadata"" renderer=""standard"" webkit-playsinline=""webkit-playsinline"" x5-video-player-type=""h5-page"" autoplay="""" src=""//cloud.video.alibaba.com/play/u/2153292369/p/1/e/6/t/1/d/hd/401915402780.mp4"" style=""width: 100%; height: 100%; object-fit: contain;""></video></div></div><div class=""react-dove-controls-wraper""><div class=""react-dove-controls-wraper-outer""><div class=""react-dove-playButton react-dove-bigPlay hide center""><div class=""react-dove-playButton-wapper""><span role=""img"" class=""anticon react-dove-icon react-dove-playButton-arrow""><svg width=""1em"" height=""1em"" fill=""currentColor"" aria-hidden=""true"" focusable=""false"" class=""""><use xlink:href=""#icon-dove-playerplay""></use></svg></span></div></div><div class=""react-dove-loading""></div></div><div class=""react-dove-controls-wraper-inner hide""><div class=""react-dove-controls""><div class=""react-dove-controls-wrapper""><div class=""react-dove-controls-item""><button title=""暂停"" class=""react-dove-button"" type=""button""><span role=""img"" class=""anticon react-dove-icon""><svg width=""1em"" height=""1em"" fill=""currentColor"" aria-hidden=""true"" focusable=""false"" class=""""><use xlink:href=""#icon-dove-playerpause""></use></svg></span></button></div><div class=""react-dove-timeControl""><span class=""react-dove-time react-dove-button""><span class=""react-dove-number"">00:09</span></span><span class=""react-dove-timeDivider react-dove-number"">/</span><span class=""react-dove-duration react-dove-number"">01:23</span></div><div class=""react-dove-progress relative""><div class=""react-dove-progress-inner""><div class=""react-dove-slider-container""><div class=""react-dove-slider react-dove-slider-horizontal""><div class=""react-dove-slider-rail""></div><div class=""react-dove-slider-track"" style=""left: 0%; width: 11.5677%;""></div><div class=""react-dove-slider-step""></div><div class=""react-dove-slider-handle"" tabindex=""0"" role=""slider"" aria-valuemin=""0"" aria-valuemax=""83.508333"" aria-valuenow=""9.66"" aria-disabled=""false"" aria-orientation=""horizontal"" style=""left: 11.5677%; transform: translateX(-50%);""></div></div></div></div><div></div></div><div class=""react-dove-controls-item""><div class=""react-dove-volume-control popup""><div class=""react-dove-volume-control-wrapper""><button title=""有声"" class=""react-dove-volume-control-toggle muted react-dove-button"" type=""button""><span role=""img"" class=""anticon react-dove-icon""><svg width=""1em"" height=""1em"" fill=""currentColor"" aria-hidden=""true"" focusable=""false"" class=""""><use xlink:href=""#icon-dove-playersound-off""></use></svg></span></button></div></div></div><div class=""react-dove-controls-item""><button title=""全屏"" class=""react-dove-button"" type=""button""><span role=""img"" class=""anticon react-dove-icon""><svg width=""1em"" height=""1em"" fill=""currentColor"" aria-hidden=""true"" focusable=""false"" class=""""><use xlink:href=""#icon-dove-playerfullscreen-enter""></use></svg></span></button></div></div></div></div></div></div></div></div></div></div><div data-module-name=""module_product_specification"" class=""module_product_specification"" data-aplus-ae=""30"" data-spm-anchor-id=""a2700.details.0.i34.77842a6cllQdqr""><div class=""id-relative id-w-full""><iframe src=""/product-detail/description/descIframe.html?productId=1600738291460"" scrolling=""no"" data-spm-anchor-id=""a2700.details.0.i97.77842a6cllQdqr"" data-spm-act-id=""a2700.details.0.i97.77842a6cllQdqr"" style=""width: 100%; border: none; height: 32523px; display: block;""></iframe></div></div></div></div>","Actividades de Compras
All from 30% off
Limited Time Offers
4721:27:47
See all products
US $495.00
US $550.00
MOQ:2 Piece/Pieces
10% off
US $621.00
US $690.00
MOQ:1 Piece/Pieces
10% off
Coupons
View all the coupons
USD 30.00 OFF
Minimum spend of USD 6,850.00 (excl. shipping)
05/14/2025, 12:00 AM - 06/30/2025, 11:59 PM
Get Coupon
USD 15.00 OFF
Minimum spend of USD 5,000.00 (excl. shipping)
06/10/2025, 12:00 AM - 06/30/2025, 11:59 PM
Get Coupon
USD 5.00 OFF
Minimum spend of USD 500.00 (excl. shipping)
05/14/2025, 12:00 AM - 06/30/2025, 11:59 PM
Get Coupon
Descripción de Productos
artículo
	
valor


Nombre de Marca
	
Aoro


Condición
	
Nuevo


CPU
	
Octa Core


Pantalla
	
6.58


Marca del Procesador
	
MT6877


Cámara Frontal
	
32MP


Cámara Trasera
	
FLIR+5M+108MP+5M


Resolución de Pantalla
	
1080*2408


Celular
	
GSM, WCDMA, CDMA, FDD-LTE, TDD-LTE, 5G MR, Otros


Tipo de Pantalla
	
TFT


Sistema Operativo
	
Android 12


Número de Modelo
	
A18


Característica
	
Dual SIM, Resistente al A","<body class=""font-sans mx-5""><h1 class=""text-3xl font-bold my-6"">Campo de aplicación de escenarios de operación peligrosa:
         
          1. Industria de escenarios de petróleo
         
         
          2. Industria de escenas químicas
         
         
          3. Industria de escena de minería de carbón4. Industria de escenarios de refinación
         
         
          5. Industria de escenas farmacéuticas
         
         
          6. Industria de escenarios de gas natural</h1><div class=""section my-8""><h2 class=""text-2xl font-semibold border-b-2 border-gray-800 pb-3 mb-4"">Actividades de Compras</h2><img class=""product-image w-full my-5"" src=""https://s.alicdn.com/@sc01/kf/H2c24c30ee9bc4fc9a71af84656bdf0ecH.jpg_200x200.jpg_200x200.jpg_.webp"" alt=""Product Image""><img class=""product-image w-full my-5"" src=""https://s.alicdn.com/@sc01/kf/H0584798e652745f9b427769fc7826ec95.png_200x200.png_200x200.png_.webp"" alt=""Product Image""></div><div class=""section my-8""><h2 class=""text-2xl font-semibold border-b-2 border-gray-800 pb-3 mb-4"">Descripción de Productos</h2><div class=""w-full my-5""><div class=""flex border-b""><div class=""flex-1 p-3 border-r"">artículo</div><div class=""flex-1 p-3 border-r"">valor</div></div><div class=""flex border-b""><div class=""flex-1 p-3 border-r"">Nombre de Marca</div><div class=""flex-1 p-3 border-r"">Aoro</div></div><div class=""flex border-b""><div class=""flex-1 p-3 border-r"">Condición</div><div class=""flex-1 p-3 border-r"">Nuevo</div></div><div class=""flex border-b""><div class=""flex-1 p-3 border-r"">CPU</div><div class=""flex-1 p-3 border-r"">Octa Core</div></div><div class=""flex border-b""><div class=""flex-1 p-3 border-r"">Pantalla</div><div class=""flex-1 p-3 border-r"">6.58</div></div><div class=""flex border-b""><div class=""flex-1 p-3 border-r"">Marca del Procesador</div><div class=""flex-1 p-3 border-r"">MT6877</div></div><div class=""flex border-b""><div class=""flex-1 p-3 border-r"">Cámara Frontal</div><div class=""flex-1 p-3 border-r"">32MP</div></div><div class=""flex border-b""><div class=""flex-1 p-3 border-r"">Cámara Trasera</div><div class=""flex-1 p-3 border-r"">FLIR+5M+108MP+5M</div></div><div class=""flex border-b""><div class=""flex-1 p-3 border-r"">Resolución de Pantalla</div><div class=""flex-1 p-3 border-r"">1080*2408</div></div><div class=""flex border-b""><div class=""flex-1 p-3 border-r"">Celular</div><div class=""flex-1 p-3 border-r"">GSM, WCDMA, CDMA, FDD-LTE, TDD-LTE, 5G MR, Otros</div></div><div class=""flex border-b""><div class=""flex-1 p-3 border-r"">Tipo de Pantalla</div><div class=""flex-1 p-3 border-r"">TFT</div></div><div class=""flex border-b""><div class=""flex-1 p-3 border-r"">Sistema Operativo</div><div class=""flex-1 p-3 border-r"">Android 12</div></div><div class=""flex border-b""><div class=""flex-1 p-3 border-r"">Número de Modelo</div><div class=""flex-1 p-3 border-r"">A18</div></div><div class=""flex border-b""><div class=""flex-1 p-3 border-r"">Característica</div><div class=""flex-1 p-3 border-r"">Dual SIM, Resistente al Agua, Carga Rápida, A Prueba de Golpes, Cámara de Belleza, NFC, Reconocimiento Facial, CARGA INALÁMBRICA</div></div><div class=""flex border-b""><div class=""flex-1 p-3 border-r"">Carga rápida</div><div class=""flex-1 p-3 border-r"">10-19W</div></div><div class=""flex border-b""><div class=""flex-1 p-3 border-r"">Capacidad de Batería</div><div class=""flex-1 p-3 border-r"">9600mAh</div></div><div class=""flex border-b""><div class=""flex-1 p-3 border-r"">Nombre del Producto</div><div class=""flex-1 p-3 border-r"">Teléfonos Móviles Originales Smartphone</div></div><div class=""flex border-b""><div class=""flex-1 p-3 border-r"">Modelo</div><div class=""flex-1 p-3 border-r"">Teléfono Móvil Aoro A18 5G</div></div><div class=""flex border-b""><div class=""flex-1 p-3 border-r"">Unidad Central de Procesamiento (CPU)</div><div class=""flex-1 p-3 border-r"">MT6877 2.0GHz Octa Core</div></div><div class=""flex border-b""><div class=""flex-1 p-3 border-r"">Tamaño de Pantalla</div><div class=""flex-1 p-3 border-r"">6.58</div></div><div class=""flex border-b""><div class=""flex-1 p-3 border-r"">RAM/ROM</div><div class=""flex-1 p-3 border-r"">12+256GB</div></div><div class=""flex border-b""><div class=""flex-1 p-3 border-r"">Tarjeta SIM</div><div class=""flex-1 p-3 border-r"">Dual SIM, Doble Espera</div></div><div class=""flex border-b""><div class=""flex-1 p-3 border-r"">BT</div><div class=""flex-1 p-3 border-r"">5.2</div></div></div><img class=""product-image w-full my-5"" src=""https://sc04.alicdn.com/kf/H14e8ca403b684090b39d0fa403ed8929p/232962798/H14e8ca403b684090b39d0fa403ed8929p.jpg"" alt=""Product Image""><img class=""product-image w-full my-5"" src=""https://sc04.alicdn.com/kf/H6176f159e6eb46daaeda7a1f7f4ebcea1/232962798/H6176f159e6eb46daaeda7a1f7f4ebcea1.jpg"" alt=""Product Image""><img class=""product-image w-full my-5"" src=""https://sc04.alicdn.com/kf/Hcfada5eabf1e43f1a8231a54b1d25b20L/232962798/Hcfada5eabf1e43f1a8231a54b1d25b20L.jpg"" alt=""Product Image""><img class=""product-image w-full my-5"" src=""https://sc04.alicdn.com/kf/Hd88cb576786a40709e109876e9b49d76V/232962798/Hd88cb576786a40709e109876e9b49d76V.jpg"" alt=""Product Image""><img class=""product-image w-full my-5"" src=""https://sc04.alicdn.com/kf/Hd0d92feb173a49a48a387f19eb1b61adV/232962798/Hd0d92feb173a49a48a387f19eb1b61adV.jpg"" alt=""Product Image""><img class=""product-image w-full my-5"" src=""https://sc04.alicdn.com/kf/He80b362a33b542ddb96be4dfe489d94d1/232962798/He80b362a33b542ddb96be4dfe489d94d1.jpg"" alt=""Product Image""><img class=""product-image w-full my-5"" src=""https://sc04.alicdn.com/kf/H5a7ca6504f1d4641807088f36296c5048/232962798/H5a7ca6504f1d4641807088f36296c5048.jpg"" alt=""Product Image""><img class=""product-image w-full my-5"" src=""https://sc04.alicdn.com/kf/H779c6c5482ac470284ca8e689757fc3a4/232962798/H779c6c5482ac470284ca8e689757fc3a4.jpg"" alt=""Product Image""><img class=""product-image w-full my-5"" src=""https://sc04.alicdn.com/kf/H9176b684e4e14ceab1c22d74cf1659b4j/232962798/H9176b684e4e14ceab1c22d74cf1659b4j.jpg"" alt=""Product Image""><img class=""product-image w-full my-5"" src=""https://sc04.alicdn.com/kf/H25366819c1ba43d4bf381a57a6666bd0o/232962798/H25366819c1ba43d4bf381a57a6666bd0o.jpg"" alt=""Product Image""><img class=""product-image w-full my-5"" src=""https://sc04.alicdn.com/kf/H78ae4aaf9df14b9e97b78308a1520419o/232962798/H78ae4aaf9df14b9e97b78308a1520419o.png"" alt=""Product Image""><img class=""product-image w-full my-5"" src=""https://sc04.alicdn.com/kf/H5e0413fe60cd44d7b5716ad2ba294a1as/232962798/H5e0413fe60cd44d7b5716ad2ba294a1as.png"" alt=""Product Image""><img class=""product-image w-full my-5"" src=""https://sc04.alicdn.com/kf/Ha95e6396ed964eeca0ee69791e58c9657/232962798/Ha95e6396ed964eeca0ee69791e58c9657.png"" alt=""Product Image""><img class=""product-image w-full my-5"" src=""https://sc04.alicdn.com/kf/H91ea4f45e366491dad909779a7a65107e.png"" alt=""Product Image""><img class=""product-image w-full my-5"" src=""https://sc04.alicdn.com/kf/H5733f715315b495ba40edf0ba9d96a4bG.png"" alt=""Product Image""><img class=""product-image w-full my-5"" src=""https://sc04.alicdn.com/kf/H3d2f909554184a1683ae7123f5732417p.jpg"" alt=""Product Image""></div><div class=""section my-8""><h2 class=""text-2xl font-semibold border-b-2 border-gray-800 pb-3 mb-4"">Imágenes del Producto</h2><img class=""product-image w-full my-5"" src=""https://s.alicdn.com/@sc01/kf/H2c24c30ee9bc4fc9a71af84656bdf0ecH.jpg_200x200.jpg_200x200.jpg_.webp"" alt=""Product Image""><img class=""product-image w-full my-5"" src=""https://s.alicdn.com/@sc01/kf/H0584798e652745f9b427769fc7826ec95.png_200x200.png_200x200.png_.webp"" alt=""Product Image""><img class=""product-image w-full my-5"" src=""https://sc04.alicdn.com/kf/H14e8ca403b684090b39d0fa403ed8929p/232962798/H14e8ca403b684090b39d0fa403ed8929p.jpg"" alt=""Product Image""><img class=""product-image w-full my-5"" src=""https://sc04.alicdn.com/kf/H6176f159e6eb46daaeda7a1f7f4ebcea1/232962798/H6176f159e6eb46daaeda7a1f7f4ebcea1.jpg"" alt=""Product Image""><img class=""product-image w-full my-5"" src=""https://sc04.alicdn.com/kf/Hcfada5eabf1e43f1a8231a54b1d25b20L/232962798/Hcfada5eabf1e43f1a8231a54b1d25b20L.jpg"" alt=""Product Image""><img class=""product-image w-full my-5"" src=""https://sc04.alicdn.com/kf/Hd88cb576786a40709e109876e9b49d76V/232962798/Hd88cb576786a40709e109876e9b49d76V.jpg"" alt=""Product Image""><img class=""product-image w-full my-5"" src=""https://sc04.alicdn.com/kf/Hd0d92feb173a49a48a387f19eb1b61adV/232962798/Hd0d92feb173a49a48a387f19eb1b61adV.jpg"" alt=""Product Image""><img class=""product-image w-full my-5"" src=""https://sc04.alicdn.com/kf/He80b362a33b542ddb96be4dfe489d94d1/232962798/He80b362a33b542ddb96be4dfe489d94d1.jpg"" alt=""Product Image""><img class=""product-image w-full my-5"" src=""https://sc04.alicdn.com/kf/H5a7ca6504f1d4641807088f36296c5048/232962798/H5a7ca6504f1d4641807088f36296c5048.jpg"" alt=""Product Image""><img class=""product-image w-full my-5"" src=""https://sc04.alicdn.com/kf/H779c6c5482ac470284ca8e689757fc3a4/232962798/H779c6c5482ac470284ca8e689757fc3a4.jpg"" alt=""Product Image""><img class=""product-image w-full my-5"" src=""https://sc04.alicdn.com/kf/H9176b684e4e14ceab1c22d74cf1659b4j/232962798/H9176b684e4e14ceab1c22d74cf1659b4j.jpg"" alt=""Product Image""><img class=""product-image w-full my-5"" src=""https://sc04.alicdn.com/kf/H25366819c1ba43d4bf381a57a6666bd0o/232962798/H25366819c1ba43d4bf381a57a6666bd0o.jpg"" alt=""Product Image""><img class=""product-image w-full my-5"" src=""https://sc04.alicdn.com/kf/H78ae4aaf9df14b9e97b78308a1520419o/232962798/H78ae4aaf9df14b9e97b78308a1520419o.png"" alt=""Product Image""><img class=""product-image w-full my-5"" src=""https://sc04.alicdn.com/kf/H5e0413fe60cd44d7b5716ad2ba294a1as/232962798/H5e0413fe60cd44d7b5716ad2ba294a1as.png"" alt=""Product Image""><img class=""product-image w-full my-5"" src=""https://sc04.alicdn.com/kf/Ha95e6396ed964eeca0ee69791e58c9657/232962798/Ha95e6396ed964eeca0ee69791e58c9657.png"" alt=""Product Image""><img class=""product-image w-full my-5"" src=""https://sc04.alicdn.com/kf/H91ea4f45e366491dad909779a7a65107e.png"" alt=""Product Image""><img class=""product-image w-full my-5"" src=""https://sc04.alicdn.com/kf/H5733f715315b495ba40edf0ba9d96a4bG.png"" alt=""Product Image""><img class=""product-image w-full my-5"" src=""https://sc04.alicdn.com/kf/H3d2f909554184a1683ae7123f5732417p.jpg"" alt=""Product Image""></div></body>","[""https://s.alicdn.com/@sc01/kf/H2c24c30ee9bc4fc9a71af84656bdf0ecH.jpg_200x200.jpg_200x200.jpg_.webp"", ""https://s.alicdn.com/@sc01/kf/H0584798e652745f9b427769fc7826ec95.png_200x200.png_200x200.png_.webp"", ""https://sc04.alicdn.com/kf/H14e8ca403b684090b39d0fa403ed8929p/232962798/H14e8ca403b684090b39d0fa403ed8929p.jpg"", ""https://sc04.alicdn.com/kf/H6176f159e6eb46daaeda7a1f7f4ebcea1/232962798/H6176f159e6eb46daaeda7a1f7f4ebcea1.jpg"", ""https://sc04.alicdn.com/kf/Hcfada5eabf1e43f1a8231a54b1d25b20L/232962798/Hcfada5eabf1e43f1a8231a54b1d25b20L.jpg"", ""https://sc04.alicdn.com/kf/Hd88cb576786a40709e109876e9b49d76V/232962798/Hd88cb576786a40709e109876e9b49d76V.jpg"", ""https://sc04.alicdn.com/kf/Hd0d92feb173a49a48a387f19eb1b61adV/232962798/Hd0d92feb173a49a48a387f19eb1b61adV.jpg"", ""https://sc04.alicdn.com/kf/He80b362a33b542ddb96be4dfe489d94d1/232962798/He80b362a33b542ddb96be4dfe489d94d1.jpg"", ""https://sc04.alicdn.com/kf/H5a7ca6504f1d4641807088f36296c5048/232962798/H5a7ca6504f1d4641807088f36296c5048.jpg"", ""https://sc04.alicdn.com/kf/H779c6c5482ac470284ca8e689757fc3a4/232962798/H779c6c5482ac470284ca8e689757fc3a4.jpg"", ""https://sc04.alicdn.com/kf/H9176b684e4e14ceab1c22d74cf1659b4j/232962798/H9176b684e4e14ceab1c22d74cf1659b4j.jpg"", ""https://sc04.alicdn.com/kf/H25366819c1ba43d4bf381a57a6666bd0o/232962798/H25366819c1ba43d4bf381a57a6666bd0o.jpg"", ""https://sc04.alicdn.com/kf/H78ae4aaf9df14b9e97b78308a1520419o/232962798/H78ae4aaf9df14b9e97b78308a1520419o.png"", ""https://sc04.alicdn.com/kf/H5e0413fe60cd44d7b5716ad2ba294a1as/232962798/H5e0413fe60cd44d7b5716ad2ba294a1as.png"", ""https://sc04.alicdn.com/kf/Ha95e6396ed964eeca0ee69791e58c9657/232962798/Ha95e6396ed964eeca0ee69791e58c9657.png"", ""https://sc04.alicdn.com/kf/H91ea4f45e366491dad909779a7a65107e.png"", ""https://sc04.alicdn.com/kf/H5733f715315b495ba40edf0ba9d96a4bG.png"", ""https://sc04.alicdn.com/kf/H3d2f909554184a1683ae7123f5732417p.jpg""]","[{""price"": ""USD\u00a01,300"", ""quantity"": ""1 - 9 unidades""}, {""price"": ""USD\u00a01,290"", ""quantity"": ""10 - 499 unidades""}, {""price"": ""USD\u00a0958"", ""quantity"": "">= 500 unidades""}]",{},"[""https://sc04.alicdn.com/kf/H779c6c5482ac470284ca8e689757fc3a4/232962798/H779c6c5482ac470284ca8e689757fc3a4.jpg"", ""https://s.alicdn.com/@sc01/kf/H2c24c30ee9bc4fc9a71af84656bdf0ecH.jpg_200x200.jpg_200x200.jpg_.webp"", ""https://s.alicdn.com/@sc01/kf/H0584798e652745f9b427769fc7826ec95.png_200x200.png_200x200.png_.webp"", ""https://sc04.alicdn.com/kf/He80b362a33b542ddb96be4dfe489d94d1/232962798/He80b362a33b542ddb96be4dfe489d94d1.jpg"", ""https://sc04.alicdn.com/kf/Hcfada5eabf1e43f1a8231a54b1d25b20L/232962798/Hcfada5eabf1e43f1a8231a54b1d25b20L.jpg"", ""https://sc04.alicdn.com/kf/H25366819c1ba43d4bf381a57a6666bd0o/232962798/H25366819c1ba43d4bf381a57a6666bd0o.jpg"", ""https://sc04.alicdn.com/kf/H6176f159e6eb46daaeda7a1f7f4ebcea1/232962798/H6176f159e6eb46daaeda7a1f7f4ebcea1.jpg"", ""https://s.alicdn.com/@sc04/kf/H278bbb3d0d87419197940af9ef7a9f58Y.png_720x720q50.jpg"", ""https://s.alicdn.com/@sc04/kf/H30a76b53d02b4ed7886ad7a3935759acz.png_720x720q50.jpg"", ""https://sc04.alicdn.com/kf/H5a7ca6504f1d4641807088f36296c5048/232962798/H5a7ca6504f1d4641807088f36296c5048.jpg"", ""https://sc04.alicdn.com/kf/H14e8ca403b684090b39d0fa403ed8929p/232962798/H14e8ca403b684090b39d0fa403ed8929p.jpg"", ""https://sc04.alicdn.com/kf/H5733f715315b495ba40edf0ba9d96a4bG.png"", ""https://sc04.alicdn.com/kf/H91ea4f45e366491dad909779a7a65107e.png"", ""https://sc04.alicdn.com/kf/H9176b684e4e14ceab1c22d74cf1659b4j/232962798/H9176b684e4e14ceab1c22d74cf1659b4j.jpg"", ""https://sc04.alicdn.com/kf/Ha95e6396ed964eeca0ee69791e58c9657/232962798/Ha95e6396ed964eeca0ee69791e58c9657.png"", ""https://s.alicdn.com/@sc04/kf/H6fbec4c79abc4126895d8c7644220c1eI.png_720x720q50.jpg"", ""https://s.alicdn.com/@sc04/kf/Hc483c779f67547a3b3bf262b5227776aF.jpg_720x720q50.jpg"", ""https://s.alicdn.com/@sc04/kf/Hb92e6bbd57014e949957af3a3bad12c8T.png_720x720q50.jpg"", ""https://sc04.alicdn.com/kf/Hd0d92feb173a49a48a387f19eb1b61adV/232962798/Hd0d92feb173a49a48a387f19eb1b61adV.jpg"", ""https://sc04.alicdn.com/kf/Hd88cb576786a40709e109876e9b49d76V/232962798/Hd88cb576786a40709e109876e9b49d76V.jpg"", ""https://sc04.alicdn.com/kf/H78ae4aaf9df14b9e97b78308a1520419o/232962798/H78ae4aaf9df14b9e97b78308a1520419o.png"", ""https://s.alicdn.com/@sc04/kf/Hf100ed5da31c4d6aab9a7947a0c5e08bj.png_720x720q50.jpg"", ""https://sc04.alicdn.com/kf/H5e0413fe60cd44d7b5716ad2ba294a1as/232962798/H5e0413fe60cd44d7b5716ad2ba294a1as.png"", ""https://sc04.alicdn.com/kf/H3d2f909554184a1683ae7123f5732417p.jpg""]",1,,Supplier,7 años en Alibaba.com,"Ubicado en Shenzhen, Guangdong, CN",{}
